[
  {
    "Name": "Alfred",
    "Sex": "M",
    "Age": 14,
    "Height": 69,
    "Weight": 112.5
  },
  {
    "Name": "Alice",
    "Sex": "F",
    "Age": 13,
    "Height": 56.5,
    "Weight": 84
  },
  {
    "Name": "Barbara",
    "Sex": "F",
    "Age": 13,
    "Height": 65.3,
    "Weight": 98
  },
  {
    "Name": "Carol",
    "Sex": "F",
    "Age": 14,
    "Height": 62.8,
    "Weight": 102.5
  },
  {
    "Name": "Henry",
    "Sex": "M",
    "Age": 14,
    "Height": 63.5,
    "Weight": 102.5
  },
  {
    "Name": "James",
    "Sex": "M",
    "Age": 12,
    "Height": 57.3,
    "Weight": 83
  },
  {
    "Name": "Jane",
    "Sex": "F",
    "Age": 12,
    "Height": 59.8,
    "Weight": 84.5
  },
  {
    "Name": "Janet",
    "Sex": "F",
    "Age": 15,
    "Height": 62.5,
    "Weight": 112.5
  },
  {
    "Name": "Jeffrey",
    "Sex": "M",
    "Age": 13,
    "Height": 62.5,
    "Weight": 84
  },
  {
    "Name": "John",
    "Sex": "M",
    "Age": 12,
    "Height": 59,
    "Weight": 99.5
  },
  {
    "Name": "Joyce",
    "Sex": "F",
    "Age": 11,
    "Height": 51.3,
    "Weight": 50.5
  },
  {
    "Name": "Judy",
    "Sex": "F",
    "Age": 14,
    "Height": 64.3,
    "Weight": 90
  },
  {
    "Name": "Louise",
    "Sex": "F",
    "Age": 12,
    "Height": 56.3,
    "Weight": 77
  },
  {
    "Name": "Mary",
    "Sex": "F",
    "Age": 15,
    "Height": 66.5,
    "Weight": 112
  },
  {
    "Name": "Philip",
    "Sex": "M",
    "Age": 16,
    "Height": 72,
    "Weight": 150
  },
  {
    "Name": "Robert",
    "Sex": "M",
    "Age": 12,
    "Height": 64.8,
    "Weight": 128
  },
  {
    "Name": "Ronald",
    "Sex": "M",
    "Age": 15,
    "Height": 67,
    "Weight": 133
  },
  {
    "Name": "Thomas",
    "Sex": "M",
    "Age": 11,
    "Height": 57.5,
    "Weight": 85
  },
  {
    "Name": "William",
    "Sex": "M",
    "Age": 15,
    "Height": 66.5,
    "Weight": 112
  }
]
